"stratum","depth_bin","n_cells","source","NL","NM","NH"
1,1,6,"depth bin",0.8991,0,0.1009
2,2,10,"depth bin",0.819,0.0012,0.1798
3,3,8,"depth bin",0.8593,0.0034,0.1373
4,4,7,"depth bin",0.6576,0.0422,0.3001
5,5,10,"depth bin",0.5017,0.2574,0.2409
6,6,0,"global",0.832,0.0186,0.1495
7,1,6,"depth bin",0.8991,0,0.1009
8,2,9,"depth bin",0.819,0.0012,0.1798
9,3,8,"depth bin",0.8593,0.0034,0.1373
10,4,6,"depth bin",0.6576,0.0422,0.3001
11,5,8,"depth bin",0.5017,0.2574,0.2409
12,6,0,"global",0.832,0.0186,0.1495
13,1,5,"depth bin",0.8991,0,0.1009
14,2,7,"depth bin",0.819,0.0012,0.1798
15,3,8,"depth bin",0.8593,0.0034,0.1373
16,4,7,"depth bin",0.6576,0.0422,0.3001
17,5,6,"depth bin",0.5017,0.2574,0.2409
18,6,0,"global",0.832,0.0186,0.1495
19,1,7,"depth bin",0.8991,0,0.1009
20,2,14,"depth bin",0.819,0.0012,0.1798
21,3,8,"depth bin",0.8593,0.0034,0.1373
22,4,4,"depth bin",0.6576,0.0422,0.3001
23,5,4,"depth bin",0.5017,0.2574,0.2409
24,6,0,"global",0.832,0.0186,0.1495
25,1,14,"depth bin",0.8991,0,0.1009
26,2,18,"depth bin",0.819,0.0012,0.1798
27,3,4,"depth bin",0.8593,0.0034,0.1373
28,4,5,"depth bin",0.6576,0.0422,0.3001
29,5,3,"depth bin",0.5017,0.2574,0.2409
30,6,2,"global",0.832,0.0186,0.1495
31,1,4,"depth bin",0.8991,0,0.1009
32,2,5,"depth bin",0.819,0.0012,0.1798
33,3,2,"depth bin",0.8593,0.0034,0.1373
34,4,1,"depth bin",0.6576,0.0422,0.3001
